Type,Coverage,OdName,AreaName,1986,1987,1988,1989,1990,1991,1992,1993,1994,1995,1996,1997,2000,2002,2003,2004,2005,2006,2007,2008,2009,2010,2011,2012,2013
Emigrants,Both,Afghanistan,Asia,..,..,..,..,..,..,..,..,..,0,3,0,1,0,2,10,6,18,8,12,14,16,20,18,34
Emigrants,Both,Albania,Europe,..,..,..,..,..,..,..,..,..,175,272,412,696,1126,965,800,974,1008,865,993,1159,1529,1568,1885,2336
Emigrants,Both,Algeria,Africa,..,..,222,145,126,69,63,41,50,46,49,119,168,157,247,115,163,153,159,196,204,204,192,202,215
Emigrants,Both,Andorra,Europe,..,..,..,..,..,..,..,..,..,3,11,0,0,0,0,1,2,1,6,13,12,4,3,7,3
Emigrants,Both,Angola,Africa,..,..,..,..,..,..,..,..,..,42,85,90,129,124,201,59,50,71,36,33,33,52,39,51,42
Emigrants,Both,Antigua and Barbuda,Latin America and the Caribbean,..,..,..,..,..,..,..,..,..,3,4,0,0,4,4,4,2,3,2,4,4,3,7,6,9
Emigrants,Both,Argentina,Latin America and the Caribbean,862,859,910,929,1130,1493,1505,1852,1936,1592,1478,2204,2685,1976,3005,2223,1926,2404,1530,1735,1630,1078,1257,1730,1877
Emigrants,Both,Armenia,Asia,..,..,..,..,..,..,..,..,..,0,4,0,6,7,2,0,2,5,2,11,8,10,7,19,13
Emigrants,Both,Australia,Oceania,1372,1246,991,894,1243,983,888,937,847,613,597,472,546,378,594,752,840,1101,837,996,911,880,984,1434,1654
Emigrants,Both,Austria,Europe,436,404,509,562,527,584,563,472,569,516,578,572,724,642,812,753,725,805,831,1042,985,1074,1174,1717,1706
Emigrants,Both,Azerbaijan,Asia,..,..,..,..,..,..,..,..,..,18,12,0,0,0,0,8,3,12,2,1,1,7,8,8,46
Emigrants,Both,Bahamas,Latin America and the Caribbean,..,..,..,..,..,..,..,..,..,6,7,0,0,2,0,3,1,3,5,5,5,3,4,6,10
Emigrants,Both,Bahrain,Asia,..,..,..,..,..,..,..,..,..,4,3,0,0,0,2,13,10,11,31,33,28,22,25,30,30
Emigrants,Both,Bangladesh,Asia,..,..,..,..,..,..,..,..,..,10,14,114,187,187,368,246,417,498,560,479,554,1040,661,755,681
Emigrants,Both,Barbados,Latin America and the Caribbean,..,..,..,..,..,..,..,..,..,1,8,0,0,0,0,13,0,2,4,3,2,1,2,2,8
Emigrants,Both,Belarus,Europe,..,..,..,..,..,..,..,..,..,12,11,1,6,0,11,15,19,29,14,30,38,77,64,102,88
Emigrants,Both,Belgium,Europe,2234,1915,1839,3181,2787,4097,3656,2693,3845,2177,1981,1442,1822,1376,1779,1711,1653,1811,1487,1650,1536,1621,1994,2459,2804
Emigrants,Both,Belize,Latin America and the Caribbean,..,..,..,..,..,..,..,..,..,0,3,0,0,0,0,2,2,3,3,5,5,1,0,3,1
Emigrants,Both,Benin,Africa,..,..,..,..,..,..,..,..,..,6,15,4,2,2,5,16,14,6,15,7,7,27,11,24,11
Emigrants,Both,Bhutan,Asia,..,..,..,..,..,..,..,..,..,1,5,0,0,0,0,0,4,0,0,2,2,2,0,1,0
Emigrants,Both,Bolivia (Plurinational State of),Latin America and the Caribbean,0,0,0,0,0,0,0,0,0,141,115,118,133,97,104,55,50,75,66,87,100,114,157,197,166
Emigrants,Both,Bosnia and Herzegovina,Europe,..,..,..,..,..,..,..,..,..,53,204,220,104,75,90,91,112,112,110,133,150,234,242,285,252
Emigrants,Both,Botswana,Africa,..,..,..,..,..,..,..,..,..,2,6,0,0,0,0,6,1,2,2,4,4,0,5,2,0
Emigrants,Both,Brazil,Latin America and the Caribbean,623,582,557,641,562,652,668,594,636,641,770,918,1168,902,1236,1369,1399,2005,2092,2771,2608,2597,2757,3519,4089
Emigrants,Both,Brunei Darussalam,Asia,..,..,..,..,..,..,..,..,..,12,25,0,0,0,0,9,12,3,2,2,2,0,4,2,4
Emigrants,Both,Bulgaria,Europe,..,..,..,..,..,..,..,..,..,193,106,125,156,135,197,94,167,126,305,611,690,492,465,596,863
Emigrants,Both,Burkina Faso,Africa,..,..,..,..,..,..,..,..,..,10,12,3,7,14,15,15,44,34,41,40,44,54,36,55,45
Emigrants,Both,Burundi,Africa,..,..,..,..,..,..,..,..,..,92,46,3,5,0,7,13,26,8,18,25,23,12,18,17,12
Emigrants,Both,Cabo Verde,Africa,..,..,..,..,..,..,..,..,..,8,27,10,9,5,18,21,22,18,15,29,24,15,35,47,55
Emigrants,Both,Cambodia,Asia,..,..,..,..,..,..,..,..,..,1,6,0,1,4,0,13,13,7,3,12,12,3,16,16,14
Emigrants,Both,Cameroon,Africa,..,..,..,..,..,..,..,..,..,53,51,8,18,17,16,122,40,97,71,63,63,38,57,43,67
Emigrants,Both,Canada,Northern America,1757,1617,1251,1112,1226,934,821,975,1082,693,706,700,812,553,849,1110,893,1247,918,836,769,634,709,947,1219
Emigrants,Both,Central African Republic,Africa,..,..,..,..,..,..,..,..,..,5,3,0,0,0,2,42,12,11,10,2,2,10,5,6,3
Emigrants,Both,Chad,Africa,..,..,..,..,..,..,..,..,..,7,16,0,1,0,0,12,23,5,4,1,1,2,3,7,6
Emigrants,Both,Chile,Latin America and the Caribbean,..,..,..,..,..,..,..,..,..,149,131,119,124,121,206,132,139,154,151,249,229,153,208,185,275
Emigrants,Both,China (including Hong Kong Special Administrative Region),Asia,..,..,..,..,..,..,..,..,..,..,..,..,624,888,875,811,963,1358,1222,1441,1487,1982,2378,2633,2897
Emigrants,Both,"China, Taiwan Province of China",Asia,..,..,..,..,..,..,..,..,..,..,..,..,0,11,16,27,23,59,10,50,54,24,30,50,57
Emigrants,Both,Colombia,Latin America and the Caribbean,..,..,..,..,..,..,..,..,..,155,142,154,165,154,249,348,286,271,336,310,315,218,341,385,548
Emigrants,Both,Comoros,Africa,..,..,..,..,..,..,..,..,..,2,5,0,0,0,0,0,2,0,0,0,0,2,1,2,0
Emigrants,Both,Congo,Africa,..,..,..,..,..,..,..,..,..,13,27,0,0,3,6,51,36,37,26,50,51,41,37,68,50
Emigrants,Both,Costa Rica,Latin America and the Caribbean,..,..,..,..,..,..,..,..,..,178,132,97,108,92,186,94,123,92,69,137,130,146,160,195,246
Emigrants,Both,Côte d'Ivoire,Africa,..,..,..,..,..,..,..,..,..,68,98,137,158,116,144,63,59,105,48,122,136,92,90,112,109
Emigrants,Both,Croatia,Europe,..,..,..,..,..,..,..,..,..,222,363,425,323,396,353,271,362,396,309,454,492,367,351,477,419
Emigrants,Both,Cuba,Latin America and the Caribbean,..,..,..,..,..,..,..,..,..,13,39,112,159,177,154,167,116,130,146,172,184,161,170,228,290
Emigrants,Both,Cyprus,Asia,..,..,..,..,..,..,..,..,..,13,12,0,1,0,1,22,13,10,33,33,29,32,30,59,71
Emigrants,Both,Czech Republic,Europe,..,..,..,..,..,..,..,..,..,51,137,16,24,35,30,102,172,207,176,282,298,255,314,435,410
Emigrants,Both,Democratic People's Republic of Korea,Asia,..,..,..,..,..,..,..,..,..,12,18,4,11,3,8,28,30,2,11,15,20,1,12,7,5
Emigrants,Both,Democratic Republic of the Congo,Africa,..,..,..,..,..,..,..,..,..,26,34,108,157,88,193,67,47,80,49,39,39,31,53,76,48
Emigrants,Both,Denmark,Europe,151,131,125,217,206,265,221,117,119,147,444,178,174,164,206,203,208,235,199,227,236,264,308,418,468
Emigrants,Both,Djibouti,Africa,..,..,..,..,..,..,..,..,..,6,1,0,0,2,2,5,9,1,2,0,0,0,2,2,5
Emigrants,Both,Dominica,Latin America and the Caribbean,..,..,..,..,..,..,..,..,..,1,7,2,2,4,5,6,11,8,3,4,4,1,4,5,4
Emigrants,Both,Dominican Republic,Latin America and the Caribbean,..,..,..,..,..,..,..,..,..,94,123,274,298,258,336,284,297,333,344,343,344,337,432,518,478
Emigrants,Both,Ecuador,Latin America and the Caribbean,..,..,..,..,..,..,..,..,..,42,72,122,163,160,198,195,250,335,268,405,422,522,535,688,924
Emigrants,Both,Egypt,Africa,..,..,238,215,267,195,200,207,224,326,254,362,444,497,571,354,370,453,419,415,393,574,484,667,598
Emigrants,Both,El Salvador,Latin America and the Caribbean,..,..,..,..,..,..,..,..,..,26,26,14,11,14,18,15,25,53,18,15,15,21,50,46,32
Emigrants,Both,Equatorial Guinea,Africa,..,..,..,..,..,..,..,..,..,0,7,0,0,0,0,0,1,5,7,4,3,0,2,38,14
Emigrants,Both,Eritrea,Africa,..,..,..,..,..,..,..,..,..,0,0,2,10,35,30,35,50,42,40,43,41,35,41,81,34
Emigrants,Both,Estonia,Europe,..,..,..,..,..,..,..,..,..,4,6,1,0,0,1,9,21,29,32,25,29,11,34,51,48
Emigrants,Both,Ethiopia,Africa,..,..,207,193,106,67,55,59,52,92,85,145,152,160,120,66,71,89,98,45,43,91,60,125,116
Emigrants,Both,Fiji,Oceania,..,..,..,..,..,..,..,..,..,54,19,0,1,0,0,1,2,3,3,2,3,3,1,1,0
Emigrants,Both,Finland,Europe,..,..,..,..,..,..,..,..,..,89,130,154,168,188,220,174,107,265,166,224,229,195,168,260,267
Emigrants,Both,France,Europe,4288,3386,3228,5277,4695,4654,4462,4476,5181,3371,3448,2872,3394,2863,3724,4274,4524,4724,4395,5043,4778,5583,6188,7819,9514
Emigrants,Both,Gabon,Africa,..,..,..,..,..,..,..,..,..,1,1,0,0,0,0,7,4,8,9,10,11,5,7,14,36
Emigrants,Both,Gambia,Africa,..,..,..,..,..,..,..,..,..,1,0,1,2,2,0,4,6,5,0,3,3,2,1,1,5
Emigrants,Both,Georgia,Asia,..,..,..,..,..,..,..,..,..,0,0,0,0,0,2,5,9,14,6,9,11,42,44,81,68
Emigrants,Both,Germany,Europe,13668,11279,10926,26098,15735,16180,15514,17203,21407,10816,10805,9158,11413,8677,12405,15524,13923,15330,8382,9140,8555,7650,8362,12055,13708
Emigrants,Both,Ghana,Africa,..,..,..,..,..,..,..,..,..,40,59,51,155,305,269,167,128,132,104,140,162,199,176,216,210
Emigrants,Both,Greece,Europe,570,458,383,520,409,483,356,374,315,276,342,282,344,312,271,354,352,381,245,307,302,239,266,285,388
Emigrants,Both,Grenada,Latin America and the Caribbean,..,..,..,..,..,..,..,..,..,4,3,2,0,0,0,2,17,14,5,1,1,1,3,3,0
Emigrants,Both,Guatemala,Latin America and the Caribbean,..,..,..,..,..,..,..,..,..,25,29,4,5,2,2,16,15,26,28,37,37,42,38,44,66
Emigrants,Both,Guinea,Africa,..,..,..,..,..,..,..,..,..,11,22,5,1,2,7,4,9,14,7,9,9,13,13,11,19
Emigrants,Both,Guinea-Bissau,Africa,..,..,..,..,..,..,..,..,..,8,3,3,1,0,0,4,11,10,1,7,5,1,4,8,4
Emigrants,Both,Guyana,Latin America and the Caribbean,..,..,..,..,..,..,..,..,..,0,7,1,0,0,0,0,5,8,2,0,0,0,0,3,2
Emigrants,Both,Haiti,Latin America and the Caribbean,..,..,..,..,..,..,..,..,..,5,6,0,1,0,2,6,2,10,1,6,4,1,11,24,24
Emigrants,Both,Holy See,Europe,0,0,0,0,0,0,0,0,0,17,8,1,0,0,2,5,2,6,0,6,7,7,3,5,5
Emigrants,Both,Honduras,Latin America and the Caribbean,..,..,..,..,..,..,..,..,..,7,6,4,1,4,1,29,23,14,10,20,20,15,22,28,18
Emigrants,Both,Hungary,Europe,..,..,..,..,..,..,..,..,..,101,89,108,166,148,206,187,193,229,294,346,375,293,306,344,445
Emigrants,Both,Iceland,Europe,..,..,..,..,..,..,..,..,..,5,8,2,3,0,4,21,64,15,21,23,26,16,38,24,9
Emigrants,Both,India,Asia,..,..,..,..,..,..,..,..,..,105,158,173,327,433,417,313,442,500,494,548,587,1022,1096,1336,1476
Emigrants,Both,Indonesia,Asia,..,..,..,..,..,..,..,..,..,49,61,2,9,13,11,62,73,98,104,70,65,87,100,154,137
Emigrants,Both,Iran (Islamic Republic of),Asia,..,..,75,113,241,511,1606,604,131,70,60,27,17,56,16,51,49,43,30,35,32,25,51,52,59
Emigrants,Both,Iraq,Asia,..,..,139,134,128,55,37,6,0,8,5,3,4,23,17,10,22,8,1,8,8,17,10,26,21
Emigrants,Both,Ireland,Europe,61,25,31,43,55,24,37,61,65,92,150,126,157,154,167,482,403,582,619,800,730,509,663,853,1039
Emigrants,Both,Israel,Asia,..,..,..,..,..,..,..,..,..,124,139,107,184,149,119,127,188,159,100,155,146,182,179,170,227
Emigrants,Both,Jamaica,Latin America and the Caribbean,..,..,..,..,..,..,..,..,..,8,8,0,0,3,1,2,2,5,0,4,4,10,4,6,13
Emigrants,Both,Japan,Asia,..,..,..,..,..,..,..,..,..,325,397,329,403,696,516,404,439,456,418,404,435,396,398,452,499
Emigrants,Both,Jordan,Asia,..,..,..,..,..,..,..,..,..,38,60,9,16,4,19,39,37,46,37,39,37,30,36,48,61
Emigrants,Both,Kazakhstan,Asia,..,..,..,..,..,..,..,..,..,8,2,0,2,2,0,7,7,17,44,36,38,71,107,57,76
Emigrants,Both,Kenya,Africa,..,..,..,..,..,..,..,..,..,123,149,109,130,137,132,126,143,169,114,191,185,112,119,135,179
Emigrants,Both,Kuwait,Asia,..,..,..,..,..,..,..,..,..,114,17,1,0,3,1,18,0,18,40,37,35,38,28,66,38
Emigrants,Both,Kyrgyzstan,Asia,..,..,..,..,..,..,..,..,..,0,0,0,0,0,0,0,0,2,1,2,2,9,0,20,3
Emigrants,Both,Lao People's Democratic Republic,Asia,..,..,..,..,..,..,..,..,..,6,7,0,2,0,0,15,9,3,1,4,4,1,7,0,6
Emigrants,Both,Latvia,Europe,..,..,..,..,..,..,..,..,..,39,37,0,3,3,4,17,17,16,20,34,33,21,22,49,46
Emigrants,Both,Lebanon,Asia,..,..,..,..,..,..,..,..,..,76,73,54,26,9,10,34,56,70,116,54,51,126,98,78,79
Emigrants,Both,Lesotho,Africa,..,..,..,..,..,..,..,..,..,3,1,0,0,0,0,0,2,2,0,0,0,0,0,0,0
Emigrants,Both,Liberia,Africa,..,..,..,..,..,..,..,..,..,3,0,3,0,7,4,5,3,15,3,7,8,5,3,18,8
Emigrants,Both,Libya,Africa,..,..,194,123,143,113,140,84,113,92,63,109,123,92,132,55,21,32,63,63,54,44,26,56,43
Emigrants,Both,Liechtenstein,Europe,..,..,..,..,..,..,..,..,..,8,4,4,0,4,0,31,12,21,34,105,96,12,23,16,13
Emigrants,Both,Lithuania,Europe,..,..,..,..,..,..,..,..,..,14,32,3,1,5,1,17,28,33,58,52,56,39,46,73,70
Emigrants,Both,Luxembourg,Europe,321,266,321,1145,237,219,276,237,367,309,310,210,278,225,241,338,258,331,307,375,356,454,476,690,776
Emigrants,Both,Madagascar,Africa,..,..,..,..,..,..,..,..,..,38,34,3,2,10,12,105,112,56,59,54,44,29,22,55,49
Emigrants,Both,Malawi,Africa,..,..,..,..,..,..,..,..,..,9,9,0,0,0,0,3,15,10,12,3,3,2,12,5,4
Emigrants,Both,Malaysia,Asia,..,..,..,..,..,..,..,..,..,70,43,32,3,4,5,10,49,50,50,55,56,70,55,74,86
Emigrants,Both,Maldives,Asia,..,..,..,..,..,..,..,..,..,4,5,0,0,0,0,1,4,3,3,0,0,8,6,10,10
Emigrants,Both,Mali,Africa,..,..,..,..,..,..,..,..,..,5,1,0,0,2,0,5,10,6,5,10,10,4,7,14,11
Emigrants,Both,Malta,Europe,0,0,0,0,0,0,0,0,0,124,152,118,163,113,152,40,77,64,45,80,68,115,147,177,331
Emigrants,Both,Mauritania,Africa,..,..,..,..,..,..,..,..,..,39,19,0,5,3,1,6,0,3,4,3,3,0,2,2,4
Emigrants,Both,Mauritius,Africa,..,..,..,..,..,..,..,..,..,10,19,15,2,17,14,29,22,20,22,13,15,22,35,58,78
Emigrants,Both,Mexico,Latin America and the Caribbean,..,..,..,..,..,..,..,..,..,123,198,239,300,244,331,246,336,351,403,439,415,359,473,414,488
Emigrants,Both,Micronesia (Federated States of),Oceania,..,..,..,..,..,..,..,..,..,0,0,0,0,0,0,0,0,0,0,0,0,0,2,0,0
Emigrants,Both,Monaco,Europe,..,..,..,..,..,..,..,..,..,183,193,219,262,220,212,171,157,214,216,175,161,193,197,274,319
Emigrants,Both,Mongolia,Asia,..,..,..,..,..,..,..,..,..,4,7,0,0,0,4,6,1,1,2,6,7,2,1,6,3
Emigrants,Both,Montenegro,Europe,..,..,..,..,..,..,..,..,..,..,..,..,..,0,0,0,0,0,6,12,15,1,21,28,28
Emigrants,Both,Montserrat,Latin America and the Caribbean,..,..,..,..,..,..,..,..,..,..,..,..,3,0,0,0,0,0,0,0,0,0,0,0,0
Emigrants,Both,Morocco,Africa,..,..,225,259,288,297,271,543,422,382,422,629,16,1227,1075,749,981,1068,969,977,1079,2015,1642,2054,2263
Emigrants,Both,Mozambique,Africa,..,..,..,..,..,..,..,..,..,30,90,107,832,88,121,88,63,59,53,70,62,34,62,44,56
Emigrants,Both,Myanmar,Asia,..,..,..,..,..,..,..,..,..,0,2,0,0,0,0,3,7,5,6,7,5,0,7,3,8
Emigrants,Both,Namibia,Africa,..,..,..,..,..,..,..,..,..,3,10,0,130,0,1,7,13,3,17,12,10,4,3,4,3
Emigrants,Both,Nauru,Oceania,..,..,..,..,..,..,..,..,..,0,0,0,0,0,0,1,0,0,6,0,0,3,0,0,0
Emigrants,Both,Nepal,Asia,..,..,..,..,..,..,..,..,..,0,2,0,0,0,6,3,4,7,4,4,3,2,9,11,6
Emigrants,Both,Netherlands,Europe,631,605,508,870,832,525,503,439,614,477,570,466,523,571,572,737,792,873,1012,991,997,1030,1140,1423,1611
Emigrants,Both,New Zealand,Oceania,..,..,..,..,..,..,..,..,..,18,35,0,1,11,1,31,68,82,77,76,66,91,118,115,116
Emigrants,Both,Nicaragua,Latin America and the Caribbean,..,..,..,..,..,..,..,..,..,9,31,6,2,5,2,22,17,17,9,19,18,42,26,18,17
Emigrants,Both,Niger,Africa,..,..,..,..,..,..,..,..,..,3,9,0,318,0,0,2,7,12,1,0,0,1,3,4,7
Emigrants,Both,Nigeria,Africa,..,..,..,..,..,..,..,..,..,134,145,223,0,267,317,167,191,171,102,140,147,205,229,343,286
Emigrants,Both,Norway,Europe,..,..,..,..,..,..,..,..,..,87,117,131,137,141,183,124,166,145,82,158,157,173,210,262,336
Emigrants,Both,Oman,Asia,..,..,..,..,..,..,..,..,..,3,0,0,0,0,0,8,7,5,12,29,25,21,31,24,48
Emigrants,Both,Pakistan,Asia,..,..,..,..,..,..,..,..,..,29,39,149,197,315,389,193,241,314,364,306,346,525,547,579,700
Emigrants,Both,Palau,Oceania,..,..,..,..,..,..,..,..,..,0,0,0,0,0,0,2,0,0,2,0,0,0,4,5,0
Emigrants,Both,Panama,Latin America and the Caribbean,..,..,..,..,..,..,..,..,..,37,35,2,2,2,1,41,29,36,19,47,42,61,123,182,163
Emigrants,Both,Papua New Guinea,Oceania,..,..,..,..,..,..,..,..,..,0,1,0,0,0,0,0,1,0,3,0,0,1,6,4,1
Emigrants,Both,Paraguay,Latin America and the Caribbean,..,..,..,..,..,..,..,..,..,25,20,3,3,0,2,22,27,42,21,27,25,35,33,60,55
Emigrants,Both,Peru,Latin America and the Caribbean,..,..,..,..,..,..,..,..,..,87,151,333,425,428,581,330,268,387,273,324,317,560,612,598,846
Emigrants,Both,Philippines,Asia,..,..,..,..,..,..,..,..,..,126,312,417,530,606,635,251,306,303,270,204,235,336,339,499,454
Emigrants,Both,Poland,Europe,..,..,..,..,..,..,..,..,..,212,226,398,526,510,605,426,514,691,1211,1929,2253,1588,1625,1652,1824
Emigrants,Both,Portugal,Europe,172,113,193,139,142,115,103,129,188,179,199,189,243,193,191,214,218,276,244,260,265,325,263,320,292
Emigrants,Both,Qatar,Asia,..,..,..,..,..,..,..,..,..,25,32,0,2,0,1,22,57,30,55,76,77,78,89,145,123
Emigrants,Both,Republic of Korea,Asia,..,..,..,..,..,..,..,..,..,41,76,55,64,35,47,72,81,45,71,68,72,83,115,140,171
Emigrants,Both,Republic of Moldova,Europe,..,..,..,..,..,..,..,..,..,9,11,0,3,14,46,95,200,148,245,455,542,948,938,1318,1731
Emigrants,Both,Romania,Europe,..,..,..,..,..,..,..,..,..,149,192,545,731,779,966,843,1202,1434,3963,8395,9919,7454,7702,9194,11034
Emigrants,Both,Russian Federation,Europe,..,..,..,..,..,..,..,..,..,135,181,248,323,273,293,230,271,263,246,289,290,314,361,629,511
Emigrants,Both,Rwanda,Africa,..,..,..,..,..,..,..,..,..,24,46,2,4,4,4,9,9,16,7,12,12,3,26,13,13
Emigrants,Both,Saint Kitts and Nevis,Latin America and the Caribbean,..,..,..,..,..,..,..,..,..,10,7,0,0,0,0,3,0,0,2,0,0,0,0,2,2
Emigrants,Both,Saint Lucia,Latin America and the Caribbean,..,..,..,..,..,..,..,..,..,6,4,0,0,0,0,0,0,1,1,1,2,2,2,7,0
Emigrants,Both,Saint Pierre and Miquelon,Northern America,..,..,..,..,..,..,..,..,..,..,..,..,0,0,0,0,0,0,0,0,0,1,0,0,0
Emigrants,Both,Saint Vincent and the Grenadines,Latin America and the Caribbean,..,..,..,..,..,..,..,..,..,4,2,0,0,0,0,2,0,0,1,0,0,1,0,2,4
Emigrants,Both,Samoa,Oceania,..,..,..,..,..,..,..,..,..,4,3,0,2,0,0,0,2,0,3,0,0,0,0,6,1
Emigrants,Both,San Marino,Europe,..,..,..,..,..,..,..,..,..,249,289,139,140,149,124,297,213,320,270,306,275,223,264,293,269
Emigrants,Both,Sao Tome and Principe,Africa,..,..,..,..,..,..,..,..,..,2,2,0,1,0,0,1,1,0,0,0,0,0,0,2,1
Emigrants,Both,Saudi Arabia,Asia,..,..,244,216,137,108,135,120,112,94,115,119,137,115,101,58,56,73,72,61,49,85,93,114,134
Emigrants,Both,Senegal,Africa,..,..,..,..,..,..,..,..,..,80,57,77,122,302,303,190,219,236,164,252,277,254,288,441,475
Emigrants,Both,Serbia,Europe,..,..,..,..,..,..,..,..,..,..,..,..,..,0,0,0,0,0,338,342,391,410,334,690,339
Emigrants,Both,Seychelles,Africa,..,..,..,..,..,..,..,..,..,18,2,2,1,0,6,2,9,7,3,5,5,15,7,21,25
Emigrants,Both,Sierra Leone,Africa,..,..,..,..,..,..,..,..,..,6,8,1,3,3,0,1,2,5,9,3,4,3,4,9,2
Emigrants,Both,Singapore,Asia,..,..,..,..,..,..,..,..,..,117,61,96,124,82,110,57,111,88,103,142,143,115,171,211,360
Emigrants,Both,Slovakia,Europe,..,..,..,..,..,..,..,..,..,31,65,7,10,15,30,54,95,154,478,502,579,367,399,410,414
Emigrants,Both,Slovenia,Europe,..,..,..,..,..,..,..,..,..,110,142,159,167,171,255,130,173,222,191,271,266,237,254,282,319
Emigrants,Both,Somalia,Africa,..,..,127,121,70,42,29,21,26,41,43,105,93,142,100,57,45,52,45,14,15,22,22,27,20
Emigrants,Both,South Africa,Africa,..,..,269,272,241,209,146,135,120,94,152,204,243,237,313,221,262,204,198,276,259,189,209,242,261
Emigrants,Both,Spain,Europe,767,834,803,1353,1182,1153,1095,892,1202,1042,1189,827,1084,1040,1158,2511,2849,3268,3520,4750,4479,4021,3466,4096,4537
Emigrants,Both,Sri Lanka,Asia,..,..,..,..,..,..,..,..,..,72,54,139,259,364,370,236,280,287,272,280,330,449,481,618,690
Emigrants,Both,State of Palestine,Asia,..,..,..,..,..,..,..,..,..,0,0,0,0,0,0,1,1,10,0,2,2,7,6,9,20
Emigrants,Both,Sudan,Africa,..,..,..,..,..,..,..,..,..,15,12,6,1,1,3,12,17,45,26,16,15,24,10,16,19
Emigrants,Both,Suriname,Latin America and the Caribbean,..,..,..,..,..,..,..,..,..,0,1,0,1,0,0,1,0,2,0,0,0,3,2,5,0
Emigrants,Both,Swaziland,Africa,..,..,..,..,..,..,..,..,..,2,3,0,0,0,0,1,1,9,3,0,0,7,6,2,3
Emigrants,Both,Sweden,Europe,..,..,..,..,..,..,..,..,..,775,477,209,250,230,288,217,271,369,330,372,374,350,422,600,645
Emigrants,Both,Switzerland,Europe,6737,5943,5278,6347,9079,10194,8900,9762,10449,4560,5149,6115,7416,5595,7989,7345,6204,7168,4972,6539,5981,5895,6298,8968,10537
Emigrants,Both,Syrian Arab Republic,Asia,..,..,..,..,..,..,..,..,..,40,60,11,15,25,4,32,30,51,28,34,35,44,65,24,31
Emigrants,Both,Tajikistan,Asia,..,..,..,..,..,..,..,..,..,0,0,0,0,0,0,1,5,1,2,2,2,1,0,1,0
Emigrants,Both,Thailand,Asia,..,..,..,..,..,..,..,..,..,100,112,116,145,119,101,167,205,227,222,320,304,244,244,311,446
Emigrants,Both,The former Yugoslav Republic of Macedonia,Europe,..,..,..,..,..,..,..,..,..,69,123,128,108,238,177,146,173,289,276,311,382,538,456,608,746
Emigrants,Both,Timor-Leste,Asia,..,..,..,..,..,..,..,..,..,..,..,..,..,0,0,0,0,0,0,0,0,0,2,1,2
Emigrants,Both,Togo,Africa,..,..,..,..,..,..,..,..,..,3,16,4,121,5,5,2,7,16,18,4,7,19,16,27,16
Emigrants,Both,Tonga,Oceania,..,..,..,..,..,..,..,..,..,3,0,1,0,0,0,3,1,1,2,0,0,2,0,0,0
Emigrants,Both,Trinidad and Tobago,Latin America and the Caribbean,..,..,..,..,..,..,..,..,..,3,1,0,0,0,0,0,2,1,0,0,0,0,2,3,10
Emigrants,Both,Tunisia,Africa,..,..,139,154,195,172,202,287,200,260,311,440,4,492,584,429,489,450,437,483,539,666,726,903,930
Emigrants,Both,Turkey,Asia,..,..,..,..,..,..,..,..,..,88,78,123,157,147,192,116,140,171,121,163,153,183,175,316,326
Emigrants,Both,Turkmenistan,Asia,..,..,..,..,..,..,..,..,..,1,4,0,0,0,0,0,0,0,1,0,0,6,3,2,5
Emigrants,Both,Tuvalu,Oceania,..,..,..,..,..,..,..,..,..,0,0,0,0,0,0,0,0,0,0,0,0,0,1,0,0
Emigrants,Both,Uganda,Africa,..,..,..,..,..,..,..,..,..,40,56,98,456,90,181,62,66,56,40,74,73,33,61,63,26
Emigrants,Both,Ukraine,Europe,..,..,..,..,..,..,..,..,..,22,26,1,11,30,191,456,615,693,729,903,1059,1231,1246,1458,1786
Emigrants,Both,United Arab Emirates,Asia,..,..,..,..,..,..,..,..,..,74,84,120,118,76,127,90,120,220,263,337,303,405,444,665,1018
Emigrants,Both,United Kingdom of Great Britain and Northern Ireland,Europe,2329,2345,2506,3564,2618,2312,2513,2418,3515,2787,3666,3189,3919,3186,3916,4956,5194,6323,6870,8376,7762,6846,6148,8389,14056
Emigrants,Both,United Republic of Tanzania,Africa,..,..,..,..,..,..,..,..,..,165,107,120,0,101,146,54,84,66,42,35,38,31,31,39,35
Emigrants,Both,United States of America,Northern America,4121,3665,3701,4076,4017,4572,4140,4418,4135,3043,3939,3734,4156,3358,4407,4414,4117,4730,3658,3982,3714,3651,4195,4970,5560
Emigrants,Both,Uruguay,Latin America and the Caribbean,..,..,..,..,..,..,..,..,..,90,90,100,154,91,107,135,119,143,88,127,122,99,107,126,132
Emigrants,Both,Uzbekistan,Asia,..,..,..,..,..,..,..,..,..,4,5,5,2,9,0,9,8,1,8,11,14,17,9,25,6
Emigrants,Both,Vanuatu,Oceania,..,..,..,..,..,..,..,..,..,0,1,0,1,0,0,0,0,0,0,0,0,8,4,0,0
Emigrants,Both,Venezuela (Bolivarian Republic of),Latin America and the Caribbean,926,730,755,675,922,772,696,707,632,433,484,744,862,630,973,671,976,1612,797,731,669,383,524,726,901
Emigrants,Both,Viet Nam,Asia,..,..,..,..,..,..,..,..,..,11,19,3,2,4,5,19,46,30,23,27,27,51,68,52,53
Emigrants,Both,Western Sahara,Africa,..,..,..,..,..,..,..,..,..,..,..,..,121,0,0,0,0,0,0,0,0,0,0,0,0
Emigrants,Both,Yemen,Asia,..,..,..,..,..,..,..,..,..,9,22,0,0,0,0,2,5,7,10,13,11,5,1,9,7
Emigrants,Both,Zambia,Africa,..,..,..,..,..,..,..,..,..,16,27,0,1,1,2,20,19,22,31,23,21,18,22,21,24
Emigrants,Both,Zimbabwe,Africa,..,..,..,..,..,..,..,..,..,24,11,0,1,1,0,7,19,26,5,1,1,9,7,6,12
Immigrants,Both,Afghanistan,Asia,..,..,..,..,..,..,..,..,..,..,10,4,33,47,49,63,149,182,854,1193,1028,701,843,1114,1177
Immigrants,Both,Albania,Europe,..,..,..,..,..,..,..,..,..,3577,21005,15223,32181,25325,49524,39430,28588,23553,23470,36036,27737,22749,16724,14205,12279
Immigrants,Both,Algeria,Africa,..,..,..,..,990,554,392,..,298,..,2812,2390,1480,1054,2647,2852,1243,1048,1012,1431,1195,1271,1189,1002,978
Immigrants,Both,Andorra,Europe,..,..,..,..,..,..,..,..,..,..,40,8,7,4,7,17,5,15,12,5,3,73,46,57,6
Immigrants,Both,Angola,Africa,..,..,..,..,..,..,..,..,..,..,447,205,220,218,275,141,134,117,68,135,113,100,90,130,88
Immigrants,Both,Antigua and Barbuda,Latin America and the Caribbean,..,..,..,..,..,..,..,..,..,..,5,0,0,13,12,14,4,4,1,4,4,42,37,62,2
Immigrants,Both,Argentina,Latin America and the Caribbean,2869,3557,5035,7531,16041,10470,5910,..,1806,1854,1966,2239,2557,6900,8310,7460,5756,3786,3495,3430,2574,2039,1832,1419,1534
Immigrants,Both,Armenia,Asia,..,..,..,..,..,..,..,..,..,..,40,6,31,32,45,35,52,81,94,132,128,132,149,142,141
Immigrants,Both,Australia,Oceania,..,..,..,..,..,..,..,..,..,721,503,506,572,675,744,738,680,739,617,685,694,759,657,689,776
Immigrants,Both,Austria,Europe,618,696,699,621,703,423,428,..,670,653,610,791,857,1160,976,666,617,641,760,696,634,647,549,603,492
Immigrants,Both,Azerbaijan,Asia,..,..,..,..,..,..,..,..,..,..,54,0,10,17,23,22,53,46,38,37,35,51,39,35,43
Immigrants,Both,Bahamas,Latin America and the Caribbean,..,..,..,..,..,..,..,..,..,..,9,2,1,1,0,7,5,11,4,5,10,11,9,8,6
Immigrants,Both,Bahrain,Asia,..,..,..,..,..,..,..,..,..,..,4,0,4,2,14,12,8,8,8,7,11,8,11,15,22
Immigrants,Both,Bangladesh,Asia,..,..,..,..,..,..,..,..,..,..,1601,2789,3620,3883,6837,8472,5825,5686,5311,9408,8962,9679,10269,10014,10498
Immigrants,Both,Barbados,Latin America and the Caribbean,..,..,..,..,..,..,..,..,..,..,6,0,4,0,6,3,3,3,3,5,1,5,3,3,3
Immigrants,Both,Belarus,Europe,..,..,..,..,..,..,..,..,..,..,127,86,408,314,908,810,613,580,752,968,978,1345,1014,838,737
Immigrants,Both,Belgium,Europe,3156,2870,2534,2096,1889,1654,1423,..,1251,1281,1236,1383,1577,2306,1921,1429,1364,1261,1247,1214,1011,1118,1064,1095,1077
Immigrants,Both,Belize,Latin America and the Caribbean,..,..,..,..,..,..,..,..,..,..,1,1,6,4,0,3,1,2,2,3,3,4,4,5,3
Immigrants,Both,Benin,Africa,..,..,..,..,..,..,..,..,..,..,147,101,117,91,272,308,204,162,121,155,179,240,151,186,147
Immigrants,Both,Bhutan,Asia,..,..,..,..,..,..,..,..,..,..,8,1,7,2,8,12,4,2,2,5,4,6,2,2,4
Immigrants,Both,Bolivia (Plurinational State of),Latin America and the Caribbean,..,..,..,2674,..,..,..,..,..,..,191,225,298,309,1164,1420,806,729,940,1222,1729,3432,1727,1084,773
Immigrants,Both,Bosnia and Herzegovina,Europe,..,..,..,..,..,..,..,..,..,..,1148,1013,1315,1167,2014,2141,1441,1420,1170,2036,1462,1022,810,749,624
Immigrants,Both,Botswana,Africa,..,..,..,..,..,..,..,..,..,..,5,1,5,2,1,5,7,1,0,5,9,6,12,5,1
Immigrants,Both,Brazil,Latin America and the Caribbean,1515,2058,2497,..,4091,3199,2921,..,2787,3127,3307,2786,3397,3957,6464,8564,10586,12198,14109,15201,11702,10058,8454,7094,6594
Immigrants,Both,British Virgin Islands,Latin America and the Caribbean,..,..,..,..,..,..,..,..,..,..,0,0,0,0,0,0,0,0,0,0,2,0,0,0,0
Immigrants,Both,Brunei Darussalam,Asia,..,..,..,..,..,..,..,..,..,..,6,6,8,3,8,13,5,4,2,11,2,4,5,6,1
Immigrants,Both,Bulgaria,Europe,..,..,..,..,..,..,..,..,..,..,1085,951,1403,1185,4283,4107,2494,2195,13483,8417,6280,5934,5116,4734,3859
Immigrants,Both,Burkina Faso,Africa,..,..,..,..,..,..,..,..,..,..,538,529,440,505,1314,1551,875,539,410,1355,1130,1257,921,996,833
Immigrants,Both,Burundi,Africa,..,..,..,..,..,..,..,..,..,..,132,66,46,29,32,49,53,51,53,50,62,47,61,82,72
Immigrants,Both,Cabo Verde,Africa,..,..,..,..,..,..,..,..,..,..,216,183,221,164,243,206,199,152,161,201,260,245,236,211,166
Immigrants,Both,Cambodia,Asia,..,..,..,..,..,..,..,..,..,..,7,5,6,16,33,53,78,132,187,169,141,170,180,140,23
Immigrants,Both,Cameroon,Africa,..,..,..,..,..,..,..,..,..,..,393,235,432,356,799,757,727,657,681,1027,1185,1280,1018,1275,1154
Immigrants,Both,Canada,Northern America,1960,1697,1493,1352,1294,1154,1107,..,976,721,732,646,770,1091,1007,829,771,840,728,734,762,728,711,680,612
Immigrants,Both,Central African Republic,Africa,..,..,..,..,..,..,..,..,..,..,21,8,13,5,13,41,29,27,26,22,18,21,25,29,28
Immigrants,Both,Chad,Africa,..,..,..,..,..,..,..,..,..,..,30,12,8,8,15,57,18,21,35,36,39,22,44,248,122
Immigrants,Both,Chile,Latin America and the Caribbean,..,..,..,..,..,..,..,..,..,..,380,293,348,421,501,576,576,451,445,583,476,466,412,395,383
Immigrants,Both,China (including Hong Kong Special Administrative Region),Asia,..,..,..,..,..,..,..,..,..,..,..,..,..,10762,14541,19892,14831,13846,9935,13159,17325,23179,20081,20482,18082
Immigrants,Both,"China, Taiwan Province of China",Asia,..,..,..,..,..,..,..,..,..,..,0,8,13,13,22,26,47,44,43,59,66,65,59,125,85
Immigrants,Both,Colombia,Latin America and the Caribbean,..,..,..,..,..,..,..,..,..,..,1162,1129,2091,2119,3651,2788,2136,1907,1948,2446,2366,2391,2036,1756,1298
Immigrants,Both,Comoros,Africa,..,..,..,..,..,..,..,..,..,..,0,0,2,0,3,1,4,3,2,3,3,0,4,3,1
Immigrants,Both,Congo,Africa,..,..,..,..,..,..,..,..,..,..,78,57,338,261,316,399,398,283,295,372,392,382,291,361,311
Immigrants,Both,Costa Rica,Latin America and the Caribbean,..,..,..,..,..,..,..,..,..,..,87,129,121,189,187,83,107,137,139,123,134,175,152,163,134
Immigrants,Both,Côte d'Ivoire,Africa,..,..,..,..,..,..,..,..,..,..,1872,1288,937,876,2072,1501,1070,1187,1525,2314,2012,1940,1773,2713,1789
Immigrants,Both,Croatia,Europe,..,..,..,..,..,..,..,..,..,..,1780,1381,1444,1339,2396,1800,1099,1034,774,949,746,790,640,547,760
Immigrants,Both,Cuba,Latin America and the Caribbean,..,..,..,..,..,..,..,..,..,..,704,1179,2030,1760,2126,2143,2233,2272,2294,2941,2350,2190,2195,1953,1914
Immigrants,Both,Cyprus,Asia,..,..,..,..,..,..,..,..,..,..,24,5,13,11,30,52,37,19,27,28,34,25,33,38,34
Immigrants,Both,Czech Republic,Europe,..,..,..,..,..,..,..,..,..,..,710,211,422,273,969,869,635,636,988,711,621,592,511,445,348
Immigrants,Both,Democratic People's Republic of Korea,Asia,..,..,..,..,..,..,..,..,..,..,88,41,31,80,71,87,52,45,22,12,22,17,19,20,19
Immigrants,Both,Democratic Republic of the Congo,Africa,..,..,..,..,..,..,..,..,..,..,259,317,242,308,316,220,246,196,216,295,282,297,277,430,297
Immigrants,Both,Denmark,Europe,256,213,268,236,297,269,252,..,245,255,241,277,326,320,286,294,228,223,200,224,232,231,233,217,164
Immigrants,Both,Djibouti,Africa,..,..,..,..,..,..,..,..,..,..,11,3,5,7,20,13,16,10,10,3,6,6,10,3,11
Immigrants,Both,Dominica,Latin America and the Caribbean,..,..,..,..,..,..,..,..,..,..,43,53,62,34,72,72,33,31,32,52,44,31,19,29,20
Immigrants,Both,Dominican Republic,Latin America and the Caribbean,..,..,..,..,..,..,..,..,..,..,1852,1582,1885,1827,2341,1773,2199,1748,2123,3463,3744,3142,2571,2917,2455
Immigrants,Both,Ecuador,Latin America and the Caribbean,..,..,..,..,..,..,..,..,..,..,1323,1025,3165,2716,18028,18485,8575,6364,4703,7205,6555,6405,4366,3208,2063
Immigrants,Both,Egypt,Africa,..,..,..,..,2974,2149,2016,..,1095,898,3026,3388,4285,3381,6812,11352,5747,5274,3927,5550,8237,9625,9906,8873,10028
Immigrants,Both,El Salvador,Latin America and the Caribbean,..,..,..,..,..,..,..,..,..,..,232,237,374,174,544,818,444,349,291,467,716,1574,1392,1049,1005
Immigrants,Both,Equatorial Guinea,Africa,..,..,..,..,..,..,..,..,..,..,8,19,4,3,10,12,9,15,1,11,5,26,10,9,20
Immigrants,Both,Eritrea,Africa,..,..,..,..,..,..,..,..,..,..,0,206,419,283,480,718,1547,1489,2679,1276,1583,1097,663,604,885
Immigrants,Both,Estonia,Europe,..,..,..,..,..,..,..,..,..,..,28,40,51,54,107,113,118,111,154,144,113,137,105,106,81
Immigrants,Both,Ethiopia,Africa,..,..,..,..,647,717,544,..,560,580,690,772,756,571,725,908,1023,1253,1329,1169,1147,999,890,959,798
Immigrants,Both,Fiji,Oceania,..,..,..,..,..,..,..,..,..,..,7,1,1,2,2,1,5,4,2,1,1,3,7,0,10
Immigrants,Both,Finland,Europe,..,..,..,..,..,..,..,..,..,155,226,262,305,268,282,217,211,197,204,253,217,181,159,155,149
Immigrants,Both,France,Europe,6110,5812,5325,4930,4813,4206,3717,..,3669,3721,3552,3709,4328,5733,4610,3944,4325,4367,4696,4380,4339,3959,3959,4042,3766
Immigrants,Both,Gabon,Africa,..,..,..,..,..,..,..,..,..,..,26,8,6,5,13,25,6,11,19,18,43,123,84,79,44
Immigrants,Both,Gambia,Africa,..,..,..,..,..,..,..,..,..,..,35,56,91,31,64,56,46,51,64,79,117,156,136,262,349
Immigrants,Both,Georgia,Asia,..,..,..,..,..,..,..,..,..,..,0,10,37,55,188,140,114,151,255,519,1165,3945,1704,1659,2290
Immigrants,Both,Germany,Europe,15608,13505,13348,13198,12477,10733,9193,..,9768,9466,7964,8995,10054,14430,12622,15658,15208,14104,13562,11088,9502,8401,7555,6388,5872
Immigrants,Both,Ghana,Africa,..,..,..,..,..,..,..,..,..,271,2148,2402,2679,1688,3366,3045,1987,2008,2140,4495,3206,3651,3129,3901,3438
Immigrants,Both,Greece,Europe,1126,1113,947,778,711,642,677,..,849,967,848,854,737,740,650,559,590,540,592,565,606,591,640,832,735
Immigrants,Both,Grenada,Latin America and the Caribbean,..,..,..,..,..,..,..,..,..,..,16,10,7,1,6,6,11,7,9,5,3,2,0,1,4
Immigrants,Both,Guatemala,Latin America and the Caribbean,..,..,..,..,..,..,..,..,..,..,72,70,56,34,61,96,81,70,69,113,85,134,137,118,106
Immigrants,Both,Guinea,Africa,..,..,..,..,..,..,..,..,..,..,133,133,143,102,216,302,162,150,276,373,346,385,424,516,389
Immigrants,Both,Guinea-Bissau,Africa,..,..,..,..,..,..,..,..,..,..,34,11,19,13,30,28,28,31,42,32,82,58,53,119,117
Immigrants,Both,Guyana,Latin America and the Caribbean,..,..,..,..,..,..,..,..,..,..,33,4,2,2,1,13,3,2,3,6,2,5,4,6,4
Immigrants,Both,Haiti,Latin America and the Caribbean,..,..,..,..,..,..,..,..,..,..,26,19,23,25,23,24,19,29,18,28,16,69,44,39,22
Immigrants,Both,Holy See,Europe,..,..,..,..,..,..,..,..,..,..,26,6,7,7,7,22,15,10,14,14,22,13,5,2,5
Immigrants,Both,Honduras,Latin America and the Caribbean,..,..,..,..,..,..,..,..,..,..,31,35,53,32,92,109,98,79,84,128,158,300,264,218,239
Immigrants,Both,Hungary,Europe,..,..,..,..,..,..,..,..,..,..,438,472,496,486,827,622,614,677,1494,1219,1128,989,952,930,771
Immigrants,Both,Iceland,Europe,..,..,..,..,..,..,..,..,..,..,53,23,25,18,56,27,43,21,43,35,30,48,30,15,21
Immigrants,Both,India,Asia,..,..,..,..,..,..,..,..,..,934,2825,3247,4759,5150,8581,9197,7279,6429,7209,12637,12952,15292,13360,11214,10916
Immigrants,Both,Indonesia,Asia,..,..,..,..,..,..,..,..,..,..,95,76,108,132,122,224,196,217,177,200,320,503,655,700,276
Immigrants,Both,Iran (Islamic Republic of),Asia,..,..,..,..,..,..,..,..,..,259,299,203,415,418,401,496,425,472,400,515,639,765,976,1393,1414
Immigrants,Both,Iraq,Asia,..,..,..,..,..,..,..,..,..,..,25,36,228,240,173,169,201,172,233,375,469,450,284,303,420
Immigrants,Both,Ireland,Europe,161,156,175,209,203,189,260,..,178,217,165,235,219,349,294,473,435,404,424,518,546,634,603,463,362
Immigrants,Both,Israel,Asia,..,..,..,..,..,..,..,..,..,..,174,216,248,286,275,322,321,314,291,276,279,279,290,286,248
Immigrants,Both,Jamaica,Latin America and the Caribbean,..,..,..,..,..,..,..,..,..,..,13,24,14,3,18,14,21,12,14,13,11,70,83,86,13
Immigrants,Both,Japan,Asia,..,..,..,..,..,..,..,..,..,..,628,735,792,1175,880,855,869,717,566,658,744,822,847,837,655
Immigrants,Both,Jordan,Asia,..,..,..,..,..,..,..,..,..,..,167,128,192,115,167,207,145,132,96,167,123,115,114,104,115
Immigrants,Both,Kazakhstan,Asia,..,..,..,..,..,..,..,..,..,..,31,29,76,55,121,103,140,111,181,193,225,273,244,261,218
Immigrants,Both,Kenya,Africa,..,..,..,..,..,..,..,..,..,..,158,150,236,276,273,277,237,280,283,327,385,428,344,393,332
Immigrants,Both,Kiribati,Oceania,..,..,..,..,..,..,..,..,..,..,0,0,1,0,0,0,1,0,0,0,1,0,0,0,0
Immigrants,Both,Kuwait,Asia,..,..,..,..,..,..,..,..,..,..,30,18,9,8,27,42,18,12,30,46,43,22,29,49,12
Immigrants,Both,Kyrgyzstan,Asia,..,..,..,..,..,..,..,..,..,..,0,1,16,12,26,31,53,45,70,96,107,259,165,173,154
Immigrants,Both,Lao People's Democratic Republic,Asia,..,..,..,..,..,..,..,..,..,..,15,2,8,9,16,9,12,8,6,8,8,7,6,15,8
Immigrants,Both,Latvia,Europe,..,..,..,..,..,..,..,..,..,..,55,54,76,118,205,185,237,262,345,281,322,355,345,297,212
Immigrants,Both,Lebanon,Asia,..,..,..,..,..,..,..,..,..,..,191,185,189,201,303,362,321,377,398,448,363,332,319,328,370
Immigrants,Both,Lesotho,Africa,..,..,..,..,..,..,..,..,..,..,14,3,2,0,4,4,2,2,10,1,5,4,11,6,2
Immigrants,Both,Liberia,Africa,..,..,..,..,..,..,..,..,..,..,75,27,25,24,92,434,477,496,383,304,208,174,125,129,86
Immigrants,Both,Libya,Africa,..,..,..,..,264,185,199,..,172,..,132,129,137,293,328,252,133,140,164,129,122,179,495,1239,779
Immigrants,Both,Liechtenstein,Europe,..,..,..,..,..,..,..,..,..,..,23,11,3,3,11,7,21,14,4,24,22,22,19,12,8
Immigrants,Both,Lithuania,Europe,..,..,..,..,..,..,..,..,..,..,47,55,105,123,414,492,542,578,980,734,648,653,560,501,392
Immigrants,Both,Luxembourg,Europe,315,273,238,256,216,165,126,..,216,198,185,194,220,348,236,214,187,222,197,174,142,203,185,191,192
Immigrants,Both,Madagascar,Africa,..,..,..,..,..,..,..,..,..,..,143,74,97,78,90,126,121,150,106,147,170,200,159,152,159
Immigrants,Both,Malawi,Africa,..,..,..,..,..,..,..,..,..,..,39,3,16,6,15,23,21,24,13,8,11,6,20,5,9
Immigrants,Both,Malaysia,Asia,..,..,..,..,..,..,..,..,..,..,122,24,16,20,25,72,30,27,61,51,43,71,56,69,74
Immigrants,Both,Maldives,Asia,..,..,..,..,..,..,..,..,..,..,6,3,5,3,6,9,7,8,5,6,7,7,10,7,3
Immigrants,Both,Mali,Africa,..,..,..,..,..,..,..,..,..,..,55,51,59,49,175,202,117,69,116,151,151,203,215,1435,1301
Immigrants,Both,Malta,Europe,..,..,..,..,..,..,..,..,..,..,92,98,161,156,182,85,87,105,125,100,71,154,133,149,86
Immigrants,Both,Marshall Islands,Oceania,..,..,..,..,..,..,..,..,..,..,0,0,0,3,0,0,0,0,0,1,0,0,0,0,0
Immigrants,Both,Mauritania,Africa,..,..,..,..,..,..,..,..,..,..,86,66,49,25,72,53,43,35,31,57,61,98,55,94,95
Immigrants,Both,Mauritius,Africa,..,..,..,..,..,..,..,..,..,..,773,812,278,105,312,250,144,113,116,159,239,422,341,306,339
Immigrants,Both,Mexico,Latin America and the Caribbean,..,..,..,..,..,..,..,..,..,..,328,387,473,723,651,577,640,569,593,672,702,835,782,699,585
Immigrants,Both,Micronesia (Federated States of),Oceania,..,..,..,..,..,..,..,..,..,..,0,0,0,0,0,0,0,2,3,0,0,0,0,0,0
Immigrants,Both,Monaco,Europe,..,..,..,..,..,..,..,..,..,..,87,173,179,327,208,145,140,150,112,105,167,198,128,104,79
Immigrants,Both,Mongolia,Asia,..,..,..,..,..,..,..,..,..,..,13,5,16,16,8,16,12,12,11,29,18,33,30,17,23
Immigrants,Both,Montenegro,Europe,..,..,..,..,..,..,..,..,..,..,..,..,..,0,0,0,0,0,28,56,33,64,87,58,77
Immigrants,Both,Morocco,Africa,..,..,..,..,27897,11614,7818,..,6068,5047,22761,15165,20344,16307,41057,35035,26268,22184,23765,37632,33327,30198,24039,19624,19672
Immigrants,Both,Mozambique,Africa,..,..,..,..,..,..,..,..,..,..,79,80,113,167,126,73,84,104,85,79,91,101,63,79,77
Immigrants,Both,Myanmar,Asia,..,..,..,..,..,..,..,..,..,..,18,45,14,7,22,25,16,29,31,20,42,36,30,23,36
Immigrants,Both,Namibia,Africa,..,..,..,..,..,..,..,..,..,..,9,3,5,4,9,10,8,13,22,16,5,3,11,3,7
Immigrants,Both,Nauru,Oceania,..,..,..,..,..,..,..,..,..,..,0,0,1,0,0,0,0,0,0,0,0,0,0,1,0
Immigrants,Both,Nepal,Asia,..,..,..,..,..,..,..,..,..,..,24,16,35,63,80,114,108,122,133,205,103,523,319,364,154
Immigrants,Both,Netherlands,Europe,785,832,837,824,800,714,580,..,544,652,692,699,762,1116,918,988,888,983,1636,975,816,804,704,733,800
Immigrants,Both,New Zealand,Oceania,..,..,..,..,..,..,..,..,..,..,24,15,28,32,44,68,42,62,90,73,99,70,63,66,54
Immigrants,Both,Nicaragua,Latin America and the Caribbean,..,..,..,..,..,..,..,..,..,..,33,18,22,24,34,66,50,51,45,82,76,96,96,92,55
Immigrants,Both,Niger,Africa,..,..,..,..,..,..,..,..,..,..,64,79,83,36,119,59,55,36,42,56,61,64,51,296,244
Immigrants,Both,Nigeria,Africa,..,..,..,..,..,..,..,..,..,416,2528,3538,4029,2223,4427,3978,2802,2739,2608,3784,4081,4965,4536,6610,6261
Immigrants,Both,Norway,Europe,..,..,..,..,..,..,..,..,..,..,110,150,197,254,233,132,109,113,177,161,136,173,172,209,139
Immigrants,Both,Oman,Asia,..,..,..,..,..,..,..,..,..,..,4,5,8,4,11,16,14,12,12,6,35,19,7,7,27
Immigrants,Both,Pakistan,Asia,..,..,..,..,..,..,..,..,..,344,1439,2222,3373,3726,5394,7464,6484,4137,3564,5712,7869,10894,7505,8803,7788
Immigrants,Both,Palau,Oceania,..,..,..,..,..,..,..,..,..,..,0,0,1,4,2,2,2,1,0,0,3,5,1,0,0
Immigrants,Both,Panama,Latin America and the Caribbean,..,..,..,..,..,..,..,..,..,..,30,10,31,23,34,67,53,47,47,41,63,71,49,57,77
Immigrants,Both,Papua New Guinea,Oceania,..,..,..,..,..,..,..,..,..,..,8,1,1,1,2,0,4,1,2,3,0,5,1,2,8
Immigrants,Both,Paraguay,Latin America and the Caribbean,..,..,..,..,..,..,..,..,..,..,56,26,46,60,118,197,194,208,211,256,299,347,264,219,200
Immigrants,Both,Peru,Latin America and the Caribbean,..,..,..,..,..,..,..,..,..,1047,5135,5974,5279,3509,9514,9849,5783,5299,4901,7715,10925,12455,8924,5886,4522
Immigrants,Both,Philippines,Asia,..,..,..,..,..,..,..,..,..,2124,6197,8293,7003,4580,7248,8090,5631,4504,3998,7981,10095,10482,10215,9710,7632
Immigrants,Both,Poland,Europe,..,..,..,..,..,..,..,..,..,1508,3446,4032,5086,3855,11599,11734,10674,12034,19936,12561,9334,7414,5603,4790,3680
Immigrants,Both,Portugal,Europe,574,406,653,265,448,378,542,..,331,398,403,401,412,492,492,405,454,427,822,544,576,475,483,563,569
Immigrants,Both,Qatar,Asia,..,..,..,..,..,..,..,..,..,..,45,3,1,1,3,14,26,52,39,31,29,63,66,58,44
Immigrants,Both,Republic of Korea,Asia,..,..,..,..,..,..,..,..,..,..,345,456,271,295,279,253,323,292,271,265,297,278,333,314,285
Immigrants,Both,Republic of Moldova,Europe,..,..,..,..,..,..,..,..,..,..,71,46,1246,2180,16293,12420,9366,7963,13662,22714,17496,27038,15628,10760,7761
Immigrants,Both,Romania,Europe,..,..,..,..,..,..,..,..,..,2507,6967,7087,19710,17257,78814,67148,46006,40555,274007,175907,106352,92591,90136,80080,59347
Immigrants,Both,Russian Federation,Europe,..,..,..,..,..,..,..,..,..,..,1556,1746,3015,2428,4477,4283,3238,3292,3400,4140,4486,5599,4641,4376,4072
Immigrants,Both,Rwanda,Africa,..,..,..,..,..,..,..,..,..,..,104,43,69,23,45,49,51,36,33,32,51,48,45,49,47
Immigrants,Both,Saint Kitts and Nevis,Latin America and the Caribbean,..,..,..,..,..,..,..,..,..,..,6,1,0,0,5,2,3,2,7,3,3,0,1,2,1
Immigrants,Both,Saint Lucia,Latin America and the Caribbean,..,..,..,..,..,..,..,..,..,..,6,15,2,2,0,1,1,1,6,3,4,1,2,1,3
Immigrants,Both,Saint Pierre and Miquelon,Northern America,..,..,..,..,..,..,..,..,..,..,0,0,0,0,0,0,0,0,0,0,1,0,0,0,0
Immigrants,Both,Saint Vincent and the Grenadines,Latin America and the Caribbean,..,..,..,..,..,..,..,..,..,..,8,1,0,0,2,1,4,1,1,2,0,4,0,2,0
Immigrants,Both,Samoa,Oceania,..,..,..,..,..,..,..,..,..,..,15,4,5,7,7,0,3,2,13,2,3,8,3,4,1
Immigrants,Both,San Marino,Europe,..,..,..,..,..,..,..,..,..,..,57,99,130,195,198,158,123,117,150,116,112,171,135,117,119
Immigrants,Both,Sao Tome and Principe,Africa,..,..,..,..,..,..,..,..,..,..,2,1,2,4,5,0,2,3,4,3,8,1,2,6,2
Immigrants,Both,Saudi Arabia,Asia,..,..,..,..,..,..,..,..,..,..,118,74,95,172,114,122,91,61,47,77,88,79,75,87,114
Immigrants,Both,Senegal,Africa,..,..,..,..,..,..,..,..,..,551,4446,3777,4681,1946,8491,5299,2955,2347,2311,4842,4939,8908,6661,5501,6484
Immigrants,Both,Serbia,Europe,..,..,..,..,..,..,..,..,..,..,..,..,..,0,0,0,0,0,4690,5721,2888,1826,1528,1294,1046
Immigrants,Both,Seychelles,Africa,..,..,..,..,..,..,..,..,..,..,41,46,32,26,43,30,22,24,23,26,37,19,20,12,16
Immigrants,Both,Sierra Leone,Africa,..,..,..,..,..,..,..,..,..,..,72,68,84,87,115,120,103,108,111,88,80,102,67,107,68
Immigrants,Both,Singapore,Asia,..,..,..,..,..,..,..,..,..,..,334,158,98,164,126,99,72,104,56,81,103,94,95,98,109
Immigrants,Both,Slovakia,Europe,..,..,..,..,..,..,..,..,..,..,618,150,370,362,807,785,875,1043,2542,1293,1089,926,761,675,552
Immigrants,Both,Slovenia,Europe,..,..,..,..,..,..,..,..,..,..,229,255,301,283,403,283,379,332,387,325,211,215,225,254,255
Immigrants,Both,Solomon Islands,Oceania,..,..,..,..,..,..,..,..,..,..,1,2,0,0,0,1,0,0,0,2,0,1,0,0,0
Immigrants,Both,Somalia,Africa,..,..,..,..,942,1253,1143,..,1283,992,1063,828,547,386,237,343,749,333,389,1075,1554,1129,662,769,968
Immigrants,Both,South Africa,Africa,..,..,..,..,458,394,288,..,274,..,240,230,248,364,317,246,250,221,235,303,257,261,235,240,203
Immigrants,Both,Spain,Europe,957,1243,1283,1155,1475,1277,1308,..,1359,1405,1298,1534,1879,2581,2092,2109,1997,2008,2366,2741,2999,3228,3271,3725,3614
Immigrants,Both,Sri Lanka,Asia,..,..,..,..,..,..,..,..,..,1499,2250,3752,4243,3292,4315,5425,3999,3802,3884,6730,6469,7020,6697,6993,6311
Immigrants,Both,State of Palestine,Asia,..,..,..,..,..,..,..,..,..,..,..,0,8,17,18,30,48,37,39,17,57,83,52,52,44
Immigrants,Both,Sudan,Africa,..,..,..,..,..,..,..,..,..,..,65,50,41,77,145,242,217,443,522,513,319,159,127,413,212
Immigrants,Both,Suriname,Latin America and the Caribbean,..,..,..,..,..,..,..,..,..,..,18,10,2,3,4,24,13,5,1,2,2,6,1,2,2
Immigrants,Both,Swaziland,Africa,..,..,..,..,..,..,..,..,..,..,44,9,5,2,7,23,11,11,10,6,5,4,6,2,2
Immigrants,Both,Sweden,Europe,..,..,..,..,..,..,..,..,..,1200,469,357,435,405,434,370,389,364,406,450,379,344,335,309,304
Immigrants,Both,Switzerland,Europe,8307,7011,6780,6296,6081,5396,6115,..,6305,5014,5917,5093,5687,8582,7678,5244,4951,5251,5722,3342,3336,3296,3415,3341,3101
Immigrants,Both,Syrian Arab Republic,Asia,..,..,..,..,..,..,..,..,..,..,181,165,218,172,341,394,240,240,233,314,291,457,465,640,661
Immigrants,Both,Tajikistan,Asia,..,..,..,..,..,..,..,..,..,..,3,5,0,4,3,2,3,3,2,4,8,8,8,9,3
Immigrants,Both,Thailand,Asia,..,..,..,..,..,..,..,..,..,..,291,309,407,506,563,509,534,546,617,714,768,787,753,687,623
Immigrants,Both,The former Yugoslav Republic of Macedonia,Europe,..,..,..,..,..,..,..,..,..,..,1521,1435,3698,3387,5792,5447,4549,5108,4097,5895,4986,3414,2988,2704,1983
Immigrants,Both,Timor-Leste,Asia,..,..,..,..,..,..,..,..,..,..,..,..,..,0,0,0,0,3,0,2,3,4,7,15,8
Immigrants,Both,Togo,Africa,..,..,..,..,..,..,..,..,..,..,99,83,97,125,299,319,329,504,506,636,456,408,380,506,433
Immigrants,Both,Tonga,Oceania,..,..,..,..,..,..,..,..,..,..,4,2,0,1,0,4,1,4,4,2,5,8,4,6,0
Immigrants,Both,Trinidad and Tobago,Latin America and the Caribbean,..,..,..,..,..,..,..,..,..,..,12,5,3,3,2,7,4,7,7,9,8,6,6,4,5
Immigrants,Both,Tunisia,Africa,..,..,..,..,13354,6027,3675,..,1688,1247,5961,3521,4439,4949,7052,6720,5085,4621,4726,7070,5821,6118,6001,5532,4475
Immigrants,Both,Turkey,Asia,..,..,..,..,..,..,..,..,..,..,445,493,797,1137,1683,2144,1485,1431,1399,1531,1471,1547,1440,1259,1222
Immigrants,Both,Turkmenistan,Asia,..,..,..,..,..,..,..,..,..,..,15,2,9,4,13,23,18,19,19,28,13,16,7,6,11
Immigrants,Both,Turks and Caicos Islands,Latin America and the Caribbean,..,..,..,..,..,..,..,..,..,..,0,0,0,0,0,0,0,0,0,0,3,0,0,0,0
Immigrants,Both,Tuvalu,Oceania,..,..,..,..,..,..,..,..,..,..,0,0,1,0,0,0,2,0,0,2,1,0,0,1,0
Immigrants,Both,Uganda,Africa,..,..,..,..,..,..,..,..,..,..,110,111,110,206,157,102,74,88,76,98,81,92,80,116,81
Immigrants,Both,Ukraine,Europe,..,..,..,..,..,..,..,..,..,..,452,437,2711,3553,44195,37636,15863,14964,15836,24352,23016,30432,17917,11531,13076
Immigrants,Both,United Arab Emirates,Asia,..,..,..,..,..,..,..,..,..,..,70,88,103,164,160,78,95,118,123,113,155,241,214,215,203
Immigrants,Both,United Kingdom of Great Britain and Northern Ireland,Europe,3934,3812,3932,3648,3599,3162,2846,..,2507,2508,2407,3471,3844,5863,4942,4852,4351,4617,4703,4938,4760,4324,3973,3736,3486
Immigrants,Both,United Republic of Tanzania,Africa,..,..,..,..,..,..,..,..,..,..,147,153,154,229,236,129,101,130,121,110,145,133,101,121,126
Immigrants,Both,United States of America,Northern America,5697,5256,4917,4350,4905,4278,4049,..,3510,2868,3231,3570,4055,5677,4979,4245,4203,3920,3553,4053,3920,3959,3881,3797,3814
Immigrants,Both,Uruguay,Latin America and the Caribbean,..,..,..,..,..,..,..,..,..,..,183,183,207,349,455,724,530,434,475,429,294,242,244,164,207
Immigrants,Both,Uzbekistan,Asia,..,..,..,..,..,..,..,..,..,..,51,65,193,97,175,133,102,107,99,110,118,113,74,82,68
Immigrants,Both,Vanuatu,Oceania,..,..,..,..,..,..,..,..,..,..,1,0,2,0,0,0,2,0,1,2,0,0,2,1,0
Immigrants,Both,Venezuela (Bolivarian Republic of),Latin America and the Caribbean,..,..,..,..,..,..,..,..,..,1084,1337,893,1101,1364,1943,3010,2254,2044,2181,1956,1708,1960,1697,1432,1274
Immigrants,Both,Viet Nam,Asia,..,..,..,..,..,..,..,..,..,..,79,39,95,104,118,53,155,223,379,374,376,363,297,185,206
Immigrants,Both,Wallis and Futuna Islands,Oceania,..,..,..,..,..,..,..,..,..,..,0,0,0,0,0,0,0,0,0,0,4,4,0,0,0
Immigrants,Both,Yemen,Asia,..,..,..,..,..,..,..,..,..,..,19,4,11,26,39,29,25,23,14,24,30,21,30,12,20
Immigrants,Both,Zambia,Africa,..,..,..,..,..,..,..,..,..,..,64,16,23,9,16,34,55,66,24,49,40,46,48,35,31
Immigrants,Both,Zimbabwe,Africa,..,..,..,..,..,..,..,..,..,..,30,10,12,11,20,45,46,29,38,58,32,42,28,22,14